{
  "models": {
    "LogisticRegression": {
      "auc_roc": 0.8282813125250099,
      "avg_precision": 0.8290146039817093,
      "brier_score": 0.1805590614428329,
      "log_loss": 0.5562589100478267,
      "precision_at_5pct_fpr": 0.9081632653061225,
      "f1": 0.7607655502392344
    },
    "XGBoost": {
      "auc_roc": 0.8427621048419368,
      "avg_precision": 0.8363998367675791,
      "brier_score": 0.16491912305355072,
      "log_loss": 0.5000602602958679,
      "precision_at_5pct_fpr": 0.898989898989899,
      "f1": 0.7374301675977654
    },
    "LightGBM": {
      "auc_roc": 0.8428496398559423,
      "avg_precision": 0.8308854229217019,
      "brier_score": 0.16201746518052373,
      "log_loss": 0.495297881293437,
      "precision_at_5pct_fpr": 0.9047619047619048,
      "f1": 0.7520435967302452
    }
  },
  "recommended": "LightGBM",
  "recommendation_reason": "LightGBM has the highest test AUC-ROC (0.8428) with a Brier score of 0.1620."
}